{
  "timestamp": "20260129_111727",
  "period": "all",
  "n_clients": 13,
  "power_analysis": {
    "n": 13,
    "alpha": 0.05,
    "power": 0.8,
    "min_detectable_d": 1.1453711397686954,
    "interpretation": "With n=13, can detect Cohen's d >= 1.15 at alpha=0.05, power=0.8"
  },
  "correlations": {
    "Avg Resolution Time": {
      "rho": -0.7378647873726218,
      "p_value": 0.2621352126273781,
      "ci_lower": -0.6117430177698331,
      "ci_upper": 0.8286410456026384,
      "n": 4,
      "significant": false
    },
    "Open Cases": {
      "rho": -0.7378647873726218,
      "p_value": 0.2621352126273781,
      "ci_lower": -0.6147075229507408,
      "ci_upper": 0.8269830487940402,
      "n": 4,
      "significant": false
    },
    "Total Cases": {
      "rho": -0.7378647873726218,
      "p_value": 0.2621352126273781,
      "ci_lower": -0.6086085237027871,
      "ci_upper": 0.8271431309271364,
      "n": 4,
      "significant": false
    },
    "CLC Attendances": {
      "rho": -0.34388777334318305,
      "p_value": 0.2499393015697514,
      "ci_lower": -0.14095966767020357,
      "ci_upper": 0.3911808180343649,
      "n": 13,
      "significant": false
    },
    "Segmentation Events": {
      "rho": 0.2518218940537893,
      "p_value": 0.40655467280132696,
      "ci_lower": -0.017725077073100275,
      "ci_upper": 0.5394813970697145,
      "n": 13,
      "significant": false
    },
    "Meetings": {
      "rho": -0.3583453954024933,
      "p_value": 0.22925010890750444,
      "ci_lower": -0.15574788220871588,
      "ci_upper": 0.3829872906795668,
      "n": 13,
      "significant": false
    },
    "Total Engagement": {
      "rho": -0.011396196399199705,
      "p_value": 0.9705249288307112,
      "ci_lower": -0.012250711111435254,
      "ci_upper": 0.3869604965797279,
      "n": 13,
      "significant": false
    }
  },
  "loocv": {
    "accuracy": 0.8461538461538461,
    "correct": 11,
    "total": 13,
    "ci_lower": 0.5776536898051745,
    "ci_upper": 0.9567418216419188,
    "predictions": [
      0,
      0,
      0,
      0,
      1,
      0,
      0,
      1,
      0,
      1,
      1,
      0,
      0
    ],
    "actuals": [
      0,
      0,
      0,
      0,
      1,
      0,
      1,
      1,
      0,
      1,
      1,
      1,
      0
    ]
  },
  "roc_v1": {
    "model_name": "CSI v1",
    "auc": 0.8571428571428572,
    "ci_lower": 0.6111111111111112,
    "ci_upper": 1.0,
    "interpretation": "good"
  },
  "roc_v2": {
    "model_name": "CSI v2",
    "auc": 1.0,
    "ci_lower": 1.0,
    "ci_upper": 1.0,
    "interpretation": "excellent"
  },
  "model_comparison": {
    "v1_accuracy": 0.7692307692307693,
    "v2_accuracy": 0.8461538461538461,
    "v1_correct": 10,
    "v2_correct": 11,
    "total": 13,
    "v1_wrong_v2_right": 1,
    "v1_right_v2_wrong": 0,
    "mcnemar_p_value": 1.0,
    "significant_difference": false
  },
  "confusion_matrix": {
    "true_positives": 4,
    "true_negatives": 7,
    "false_positives": 0,
    "false_negatives": 2,
    "sensitivity": 0.6666666666666666,
    "specificity": 1.0,
    "precision": 1.0,
    "f1_score": 0.8,
    "confusion_matrix": [
      [
        7,
        0
      ],
      [
        2,
        4
      ]
    ]
  },
  "threshold_sensitivity": {
    "resolution_time": [
      {
        "threshold": 100.0,
        "n_above": 4,
        "n_below": 0,
        "nps_above": NaN,
        "nps_below": NaN,
        "nps_delta": NaN,
        "cohens_d": NaN,
        "effect_magnitude": "insufficient data",
        "metric": "Avg Resolution Time"
      },
      {
        "threshold": 200.0,
        "n_above": 4,
        "n_below": 0,
        "nps_above": NaN,
        "nps_below": NaN,
        "nps_delta": NaN,
        "cohens_d": NaN,
        "effect_magnitude": "insufficient data",
        "metric": "Avg Resolution Time"
      },
      {
        "threshold": 300.0,
        "n_above": 4,
        "n_below": 0,
        "nps_above": NaN,
        "nps_below": NaN,
        "nps_delta": NaN,
        "cohens_d": NaN,
        "effect_magnitude": "insufficient data",
        "metric": "Avg Resolution Time"
      },
      {
        "threshold": 400.0,
        "n_above": 4,
        "n_below": 0,
        "nps_above": NaN,
        "nps_below": NaN,
        "nps_delta": NaN,
        "cohens_d": NaN,
        "effect_magnitude": "insufficient data",
        "metric": "Avg Resolution Time"
      },
      {
        "threshold": 500.0,
        "n_above": 3,
        "n_below": 1,
        "nps_above": -51.51515151515151,
        "nps_below": 0.0,
        "nps_delta": -51.51515151515151,
        "cohens_d": NaN,
        "effect_magnitude": "insufficient data",
        "metric": "Avg Resolution Time"
      },
      {
        "threshold": 600.0,
        "n_above": 3,
        "n_below": 1,
        "nps_above": -51.51515151515151,
        "nps_below": 0.0,
        "nps_delta": -51.51515151515151,
        "cohens_d": NaN,
        "effect_magnitude": "insufficient data",
        "metric": "Avg Resolution Time"
      },
      {
        "threshold": 700.0,
        "n_above": 3,
        "n_below": 1,
        "nps_above": -51.51515151515151,
        "nps_below": 0.0,
        "nps_delta": -51.51515151515151,
        "cohens_d": NaN,
        "effect_magnitude": "insufficient data",
        "metric": "Avg Resolution Time"
      },
      {
        "threshold": 800.0,
        "n_above": 2,
        "n_below": 2,
        "nps_above": -77.27272727272727,
        "nps_below": 0.0,
        "nps_delta": -77.27272727272727,
        "cohens_d": -3.3999999999999995,
        "effect_magnitude": "large",
        "metric": "Avg Resolution Time"
      },
      {
        "threshold": 900.0,
        "n_above": 2,
        "n_below": 2,
        "nps_above": -77.27272727272727,
        "nps_below": 0.0,
        "nps_delta": -77.27272727272727,
        "cohens_d": -3.3999999999999995,
        "effect_magnitude": "large",
        "metric": "Avg Resolution Time"
      },
      {
        "threshold": 1000.0,
        "n_above": 1,
        "n_below": 3,
        "nps_above": -54.54545454545454,
        "nps_below": -33.333333333333336,
        "nps_delta": -21.212121212121204,
        "cohens_d": NaN,
        "effect_magnitude": "insufficient data",
        "metric": "Avg Resolution Time"
      }
    ]
  }
}